-- phpMyAdmin SQL Dump
-- version 4.8.4
-- https://www.phpmyadmin.net/
--
-- Host: localhost
-- Generation Time: Jan 08, 2020 at 01:55 PM
-- Server version: 8.0.13
-- PHP Version: 7.3.1RC1

SET SQL_MODE = "NO_AUTO_VALUE_ON_ZERO";
SET AUTOCOMMIT = 0;
START TRANSACTION;
SET time_zone = "+00:00";


/*!40101 SET @OLD_CHARACTER_SET_CLIENT=@@CHARACTER_SET_CLIENT */;
/*!40101 SET @OLD_CHARACTER_SET_RESULTS=@@CHARACTER_SET_RESULTS */;
/*!40101 SET @OLD_COLLATION_CONNECTION=@@COLLATION_CONNECTION */;
/*!40101 SET NAMES utf8mb4 */;

--
-- Database: `food_items`
--

-- --------------------------------------------------------

--
-- Table structure for table `client`
--

CREATE TABLE `client` (
  `id` int(11) NOT NULL,
  `first_name` varchar(16) NOT NULL,
  `last_name` varchar(16) NOT NULL,
  `date` date NOT NULL,
  `weight` float NOT NULL,
  `heigth` int(11) NOT NULL,
  `password` varchar(100) CHARACTER SET utf8 COLLATE utf8_general_ci NOT NULL,
  `permission` tinyint(1) NOT NULL DEFAULT '0' COMMENT '1 is admin0 is not',
  `gender` tinyint(1) NOT NULL COMMENT '1 is male',
  `email` varchar(36) NOT NULL
) ENGINE=InnoDB DEFAULT CHARSET=utf8;

--
-- Dumping data for table `client`
--

INSERT INTO `client` (`id`, `first_name`, `last_name`, `date`, `weight`, `heigth`, `password`, `permission`, `gender`, `email`) VALUES
(30, 'דימה', 'בוגוצקי', '1986-07-25', 75, 170, '$2y$10$SIFw1IcqudMdFZkevujyieHt380qzOtXlWn9FIAbPJVqXojLYSjgK', 0, 1, 'dimaboguzki@gmail.com');

-- --------------------------------------------------------

--
-- Table structure for table `items`
--

CREATE TABLE `items` (
  `id` int(11) NOT NULL,
  `name` varchar(36) NOT NULL,
  `company` varchar(16) CHARACTER SET utf16 COLLATE utf16_general_ci NOT NULL,
  `calories` float NOT NULL,
  `proteins` float NOT NULL,
  `carbohydrates` float NOT NULL,
  `fats` float NOT NULL,
  `type` int(1) NOT NULL,
  `gluten` bit(1) NOT NULL,
  `milk` bit(1) NOT NULL,
  `saturated_fat` float DEFAULT NULL,
  `trans_fat` float DEFAULT NULL,
  `cholesterol` float DEFAULT NULL,
  `fiber` float DEFAULT NULL,
  `sugar` float DEFAULT NULL,
  `sodium` float DEFAULT NULL,
  `calcium` float DEFAULT NULL
) ENGINE=InnoDB DEFAULT CHARSET=utf8;

--
-- Dumping data for table `items`
--

INSERT INTO `items` (`id`, `name`, `company`, `calories`, `proteins`, `carbohydrates`, `fats`, `type`, `gluten`, `milk`, `saturated_fat`, `trans_fat`, `cholesterol`, `fiber`, `sugar`, `sodium`, `calcium`) VALUES
(1, 'lion חטיף דגני בוקר', 'נסטלה', 402, 8.4, 63, 12.9, 0, b'1', b'0', 6.6, 0.5, 2.5, 4.6, 27.5, 233, 0),
(2, 'אורז בר מבושל', '0', 101, 3.99, 21.34, 0.34, 0, b'0', b'0', 0, 0, 0, 1.8, 0, 3, 3),
(3, 'אורז לבן', '0', 130, 2.7, 28, 0.3, 0, b'0', b'0', 0.1, 0, 0, 0.4, 0.1, 0, 0),
(4, 'אורז פרסי קלאסי', 'סוגת', 336, 6.9, 78.6, 0.6, 0, b'0', b'0', 0, 0, 0, 3, 0, 9, 0),
(5, 'אורז פרסי', 'שופרסל', 355, 6.8, 80, 0.9, 0, b'0', b'0', 0, 0, 0, 0, 0, 0, 0),
(6, 'אפרופו', 'אסם', 538, 4.5, 62.5, 30, 0, b'0', b'0', 3, 0.5, 2.5, 0, 0, 560, 0),
(7, 'שניצל אצבעות', 'עוף טוב', 209, 16.5, 14, 9.5, 2, b'1', b'0', 1.5, 0.5, 45, 0, 2.3, 450, 0),
(8, 'אריסה חריפה', 'תנובה', 402, 3.7, 7.3, 39.8, 0, b'0', b'0', 10.6, 0.5, 2.5, 0, 0, 1025, 0),
(9, 'בורקס תפוח אדמה', 'מעדנות', 265, 4.5, 29.9, 13.2, 0, b'1', b'0', 6.9, 0.5, 2.5, 0, 0, 319, 0),
(10, 'בורקס תפוח אדמה', 'נטו', 311, 5.34, 30.1, 18.8, 0, b'1', b'0', 9.85, 0.5, 2.5, 0, 0, 465, 0),
(11, 'ביסלי בצל', 'אסם', 494, 9, 65, 22, 0, b'1', b'0', 4.4, 0.5, 2.5, 0, 0, 620, 0),
(12, 'ביסלי ברביקיו', 'אסם', 509, 9.5, 61.5, 25, 0, b'1', b'0', 4, 0.5, 2.5, 0, 0, 540, 0),
(13, 'בשר הודו בהיר צלוי/מבושל ללא עור', '0', 156, 30, 0, 3, 2, b'0', b'0', 0, 0, 68, 0, 0, 0, 0),
(14, 'בשר הודו בהיר צלוי/מבושל עם עור', '0', 196, 28, 0, 8, 2, b'0', b'0', 0, 0, 76, 0, 0, 0, 0),
(15, 'בשר הודו כהה צלוי/מבושל ללא עור', '0', 186, 28, 0, 7, 2, b'0', b'0', 0, 0, 85, 0, 0, 0, 0),
(16, 'בשר הודו כהה צלוי/מבושל עם עור', '0', 220, 27, 0, 11, 2, b'0', b'0', 0, 0, 89, 0, 0, 0, 0),
(17, 'בשר עוף צלוי/מבושל ללא עור', '0', 188, 29, 0, 7, 2, b'0', b'0', 0, 0, 88, 0, 0, 0, 0),
(18, 'בשר עוף צלוי/מבושל עם עור', '0', 237, 27, 0, 13, 2, b'0', b'0', 0, 0, 84, 0, 0, 0, 0),
(19, 'גבינה חצי קשה 15%', 'תנובה', 256, 30, 0.2, 15, 1, b'0', b'1', 9, 0.5, 45, 0, 0, 530, 740),
(20, 'גבינה חצי קשה נעם 9%', 'טרה', 211, 32, 0.5, 9, 1, b'0', b'1', 5.4, 0.5, 27, 0, 0, 620, 970),
(21, 'גבינה לבנה 5%', 'טרה', 95, 8.7, 3.8, 5, 1, b'0', b'1', 3, 0.5, 15, 0, 0, 180, 110),
(22, 'גבינה לבנה 5%', 'תנובה', 98, 9, 4.3, 5, 1, b'0', b'1', 3, 0.5, 15, 0, 0, 210, 95),
(23, 'גבינת שמנת טבעי 30%,', 'גד', 302, 6.3, 1.8, 30, 1, b'0', b'1', 20, 0.6, 90, 0, 0, 417, 150),
(24, 'גבינת שמנת שום שמיר 30% ניו יורק', 'גד', 302, 5.9, 2.2, 30, 1, b'0', b'1', 19.6, 0.7, 88, 0, 0, 411, 86),
(25, 'גו 20 אפרסק', 'יופלה', 99, 10, 10.3, 2, 1, b'0', b'1', 1.2, 0.5, 6, 0, 9.9, 51, 110),
(26, 'גו 20 מתיקות מעודנת', 'יופלה', 100, 10, 8.5, 2.9, 1, b'0', b'1', 1.7, 0.5, 8.7, 0, 8.5, 59, 145),
(27, 'גיל לבן 3%', 'תנובה', 56, 3, 4.2, 3, 1, b'0', b'1', 1.8, 0.5, 9, 0, 0, 40, 110),
(28, 'דבש טהור', 'יד מרדכי', 320, 0, 80, 0, 0, b'0', b'0', 0, 0, 0, 0, 0, 7, 0),
(29, 'דבש טהור', 'לייף', 320, 0, 80, 0, 0, b'0', b'0', 0, 0, 0, 0, 0, 10, 0),
(30, 'דגני בוקר CRUNCH', 'נסטלה', 389, 7.4, 72.7, 7.6, 0, b'1', b'0', 2, 0.5, 2.5, 7.2, 24.9, 17, 578),
(31, 'דגני בוקר קוקומן', 'תלמה', 393, 9.2, 85.7, 1.5, 0, b'1', b'0', 0, 0, 0, 4.1, 19.9, 336, 0),
(32, 'דוגמא', '0', 1895, 44, 3, 4, 1, b'1', b'1', 5, 99, 7, 8, 9, 10, 11),
(33, 'דוריטוס גריל', 'עלית', 533, 8.5, 64, 27, 0, b'0', b'0', 3.3, 0.5, 2.5, 0, 2.2, 504, 0),
(34, 'הרינג מעושן בשמן צמחי', 'בריוויס וילניס', 279, 18, 0, 23, 1, b'0', b'0', 3.4, 0.5, 70, 0, 0, 440, 0),
(35, 'חומוס אחלה', 'שטראוס', 191, 8.6, 14.5, 10.9, 0, b'0', b'0', 1.9, 0.5, 2.5, 0, 1.2, 393, 0),
(36, 'חומוס', 'צבר', 218, 8.2, 15, 14, 0, b'0', b'0', 2.2, 0.5, 2.5, 0, 0, 415, 0),
(37, 'חזה הודו צלוי', '0', 167, 30, 0, 3.2, 2, b'0', b'1', 0, 0, 69, 0, 0, 0, 0),
(38, 'חזה עוף צלוי/מבושל', '0', 164, 29, 0, 4, 2, b'0', b'0', 0, 0, 84, 0, 0, 0, 0),
(39, 'חטיף אורז', 'וילי פוד', 428, 6.6, 74.8, 10.9, 1, b'0', b'1', 1.3, 0.5, 2.5, 2, 5.5, 740, 0),
(40, 'חלב 3%', 'תנובה', 60, 3.3, 4.95, 3, 1, b'0', b'1', 1.8, 0.5, 9, 0, 0, 50, 100),
(41, 'חלב מעושר', 'יטבתה', 59, 3.2, 4.8, 3, 1, b'0', b'1', 1.8, 0.5, 9, 0, 0, 40, 200),
(42, 'חמאה', 'וילי פוד', 749, 0.6, 1.1, 82.5, 1, b'0', b'1', 53.6, 1, 215, 0, 0, 8, 24),
(43, 'חתיכות אננס בסירופ קל', 'שוקחה', 46, 0.6, 10.5, 0.2, 0, b'0', b'0', 0, 0, 0, 0, 10.4, 5, 0),
(44, 'טונה בהירה בשמן', 'פוסידון', 190, 25, 0, 10, 1, b'0', b'0', 2, 0.5, 50, 0, 0, 450, 0),
(45, 'טונה בשמן', 'שופרסל', 140, 25, 0, 4.5, 1, b'0', b'0', 1, 0, 45, 0, 0, 590, 0),
(46, 'טונה פסטרמה מעושנת', 'יונה', 165, 30, 0.1, 5, 1, b'0', b'0', 1, 0.5, 40, 0, 0.1, 700, 0),
(47, 'טחינה 100%', 'בארכה', 684, 24, 12, 60, 0, b'0', b'0', 10, 0.5, 2.5, 0, 1.2, 7, 100),
(48, 'יוגורט ביו 1.7%', 'מולר', 58, 5.6, 5, 1.7, 1, b'0', b'1', 0, 0, 0, 2.3, 0, 55, 170),
(49, 'ירך הודו צלוי ללא עור', '0', 185, 28, 0, 7, 2, b'0', b'1', 0, 0, 84, 0, 0, 0, 0),
(50, 'ירך הודו צלוי עם עור', '0', 206, 28, 0, 10, 2, b'0', b'1', 0, 0, 84, 0, 0, 0, 0),
(51, 'ירך עוף צלוי ללא עור', '0', 207, 26, 0, 11, 2, b'0', b'0', 0, 0, 94, 0, 0, 0, 0),
(52, 'ירך עוף צלוי עם עור', '0', 245, 25, 0, 15, 2, b'0', b'0', 0, 0, 92, 0, 0, 0, 0),
(53, 'כבד הודו מבושל', '0', 169, 24, 0, 8, 2, b'0', b'0', 0, 0, 626, 0, 0, 0, 0),
(54, 'כבד עוף מבושל/צלוי', '0', 157, 24, 0, 5.5, 2, b'0', b'0', 0, 0, 631, 0, 0, 0, 0),
(55, 'כנף הודו צלוי עם עור', '0', 227, 27, 0, 12, 2, b'0', b'0', 0, 0, 80, 0, 0, 0, 0),
(56, 'כנף עוף צלוי/מבושל', '0', 288, 27, 0, 19, 2, b'0', b'0', 0, 0, 83, 0, 0, 0, 0),
(57, 'כרע הודו מבושל/צלוי ללא עור', '0', 185, 28, 0, 7, 2, b'0', b'0', 0, 0, 84, 0, 0, 0, 0),
(58, 'כרע הודו מבושל/צלוי עם עור', '0', 206, 28, 0, 10, 2, b'0', b'0', 0, 0, 84, 0, 0, 0, 0),
(59, 'כרע עוף צלוי ללא עור', '0', 207, 26, 0, 11, 2, b'0', b'0', 0, 0, 94, 0, 0, 0, 0),
(60, 'כרע עוף צלוי עם עור', '0', 245, 25, 0, 15, 2, b'0', b'0', 0, 0, 92, 0, 0, 0, 0),
(61, 'לבבות הודו מבושלים/צלויים', '0', 177, 27, 0, 6.1, 2, b'0', b'0', 0, 0, 226, 0, 0, 0, 0),
(62, 'לבבות עוף צלוי/מבושל', '0', 185, 26, 0, 7.9, 2, b'0', b'0', 0, 0, 242, 0, 0, 0, 0),
(63, 'לבן רויון 1.5%', 'תנובה', 45, 3.6, 4.3, 1.5, 1, b'0', b'1', 0.9, 0.5, 4.5, 0, 0, 50, 120),
(64, 'לחם 9 דגנים קל', 'דוידוביץ', 195, 11.8, 27, 4.4, 0, b'1', b'0', 2.3, 0.5, 2.5, 13.5, 0, 485, 0),
(65, 'לחם אחיד פרוס', 'שופרסל', 250, 9.4, 48, 2.3, 0, b'1', b'0', 1.2, 0.5, 0, 3.9, 0, 433, 0),
(66, 'לחם כנעני', 'ברמן', 217, 11, 41.5, 4.8, 0, b'1', b'0', 2.1, 0.5, 2.5, 9.1, 0, 484, 0),
(67, 'לחמית שיפון', 'אסם', 402, 12.3, 64.3, 8.1, 0, b'1', b'0', 3, 0.5, 2.5, 11.1, 0, 650, 0),
(68, 'לחמניות אקטיב', 'ברמן', 216, 11.4, 46.8, 2.3, 1, b'1', b'0', 0.6, 0.5, 2.5, 9.5, 0, 370, 0),
(69, 'מורטדלה', 'זוגלובק', 213, 11, 4, 17, 2, b'0', b'0', 5, 0.5, 60, 0, 0.5, 700, 0),
(70, 'מיונז אמיתי', 'תלמה', 600, 0.7, 3, 65, 1, b'0', b'0', 10.2, 0.7, 43, 0, 2.8, 461, 0),
(71, 'מיונז', 'הלמנץ', 698, 1.2, 2.3, 76, 1, b'0', b'0', 12.3, 0.76, 44.4, 0, 1.4, 672, 0),
(72, 'מיני פרכיות בטעם עשבי תיבול', 'אסם', 411, 7.8, 68, 10.4, 0, b'1', b'0', 1.5, 0.5, 2.5, 6.9, 0, 684, 0),
(73, 'מיץ ענבים', 'פריגת', 40, 0, 10, 0, 0, b'0', b'0', 0, 0, 0, 0, 0, 10, 0),
(74, 'מיץ תפוזים', 'פרי מור', 64, 0.8, 10.2, 0, 0, b'0', b'0', 0, 0, 0, 0, 0, 0, 0),
(75, 'מלפפון', '0', 15, 0.65, 3.63, 0.11, 0, b'0', b'0', 0, 0, 0, 0.5, 0, 2, 16),
(76, 'מנגו', '0', 60, 0.82, 15, 0.38, 0, b'0', b'0', 0, 0, 0, 1.6, 0, 1, 11),
(77, 'נקניק בעישון קר סרוולט גרמני', 'מזרע', 435, 25, 2, 36, 2, b'1', b'0', 13, 0.5, 84, 0, 0, 1950, 0),
(78, 'נקניק הודו נהריה ', 'זוגלובק', 113, 14, 3, 5, 2, b'0', b'0', 1.4, 0.5, 60, 0, 1, 700, 0),
(79, 'נקניק הודו', 'זוגלובק', 235, 10, 8, 18, 2, b'0', b'0', 5, 0.5, 600.5, 0.5, 0, 720, 0),
(80, 'נקניק מורטדלה', 'זוגלובק', 213, 11, 4, 17, 2, b'0', b'0', 5, 0.5, 60, 0, 0.5, 700, 0),
(81, 'נקניק סלמי אקסטרה קוניאק', 'זוגלובק', 249, 13, 4, 20, 2, b'0', b'0', 6.5, 0.6, 65, 0.5, 0.5, 980, 0),
(82, 'נקניק סלמי מעושן איטלקי', 'זוגלובק', 249, 14, 3, 20, 2, b'0', b'0', 6, 0.5, 65, 0, 1.3, 880, 0),
(83, 'נקניק סלמי מפולפל', 'זוגלובק', 248, 14, 5, 19, 2, b'0', b'0', 7.6, 0.5, 70, 0.7, 1, 960, 0),
(84, 'נקניק סרוולד', 'זוגלובק', 428, 23, 5, 35, 2, b'0', b'0', 15, 3, 110, 0, 0.8, 1440, 0),
(85, 'נקניק פיין סלמי', 'זוגלובק', 253, 14, 4, 20, 2, b'0', b'0', 6, 0.5, 65, 0.2, 0.6, 1000, 0),
(86, 'נקניקיות גמבו', 'זוגלובק', 230, 10, 7, 18, 2, b'0', b'0', 7.6, 0.5, 63, 0.6, 2.5, 980, 0),
(87, 'נקניקיות וינר', 'זוגולובק', 222, 10, 5, 18, 2, b'0', b'0', 7.6, 0.5, 63, 0, 1, 980, 0),
(88, 'נקניקיות עוף', 'זוגלובק', 223, 10, 5, 18, 2, b'0', b'0', 7.6, 0.5, 63, 0.6, 1, 980, 0),
(89, 'סולת', 'רסורס', 350, 10, 74, 1, 0, b'1', b'0', 1.5, 0.5, 2.5, 0, 0, 0, 0),
(90, 'חומוס מסעדות', '0', 273, 9.7, 10.7, 21.3, 0, b'0', b'0', 2.9, 0.5, 2.5, 4.9, 2.1, 570, 0),
(91, 'סלט חרדל חריף', 'ברדה', 146.5, 7.5, 5.5, 10.5, 0, b'0', b'0', 0, 0, 0, 0, 0, 0, 2550),
(92, 'עגבנייה', '0', 18, 0.88, 3.89, 0.2, 0, b'0', b'0', 0, 0, 0, 1.2, 0, 5, 10),
(93, 'עדשים ירוקים', 'סוגת', 275, 22.2, 60.5, 1.5, 0, b'0', b'0', 0, 0, 0, 17.3, 0, 5, 0),
(94, 'עוגיות בטעם תפוז', 'גקובאנדאס', 435, 6.8, 8.2, 8.8, 0, b'1', b'0', 2.87, 0.5, 8.02, 0, 0, 183, 0),
(95, 'פופקורן טבעי בתוספת מלח', 'HoTPop', 473, 7.6, 51.6, 30.3, 0, b'0', b'0', 14.9, 0.5, 2.5, 8.9, 0.6, 800, 0),
(96, 'פופקורן מלח', 'פיסטו', 501, 10, 62, 21, 0, b'0', b'0', 9, 0.5, 2.5, 0, 0, 1200, 0),
(97, 'פטה 20%', 'מחלבת כפר תבור', 242, 9.6, 6, 20, 1, b'0', b'1', 11.9, 0.8, 60, 0, 0, 870, 450),
(98, 'פילה דג סלמון בשמן צמחי', 'סיא זוובי', 219, 28, 0, 12, 1, b'0', b'0', 2.4, 0.5, 30, 0, 0, 550, 0),
(99, 'פילה סלמון אטלנטי מעושן קפוא', '0', 187, 22.1, 0.12, 11.04, 1, b'0', b'0', 1.84, 0.5, 51.6, 0, 0, 692, 0),
(100, 'פסטה קונצילה ריגטה', 'ברילה', 188, 6.4, 37.6, 1.3, 0, b'1', b'0', 0.2, 0.5, 2.5, 2.1, 1, 0, 0),
(101, 'פסטרמה בדבש טהור', 'זוגלובק', 97, 16, 6, 1, 2, b'0', b'0', 0.3, 0.5, 45, 0, 4, 850, 0),
(102, 'פסטרמה ברביקיו', 'זוגלובק', 97, 16, 6, 1, 2, b'0', b'0', 0.3, 0.5, 45, 0, 3, 900, 0),
(103, 'פסטרמה חזה בקר', 'זוגלובק', 124, 17, 5, 4, 2, b'0', b'0', 1.2, 0.5, 45, 0, 3, 800, 0),
(104, 'פסטרמה חזה עוף ברביקיו', 'זוגלובק', 102, 14, 7, 2, 2, b'0', b'0', 0.4, 0.5, 45, 0, 3, 900, 0),
(105, 'פסטרמה חזה עוף מעושן', 'זוגלובק', 102, 14, 7, 2, 2, b'0', b'0', 0.4, 0.5, 45, 0, 3, 900, 0),
(106, 'פסטרמה חרמון', 'זוגלובק', 107, 13, 7, 3, 2, b'0', b'0', 0.6, 0.5, 45, 0, 2, 850, 0),
(107, 'פסטרמה טורו כתף בקר', 'זוגלובק', 116, 16, 4, 4, 2, b'0', b'0', 1.2, 0.5, 50, 0, 2, 780, 0),
(108, 'פסטרמה כתף בקר מעושן', 'זוגלובק', 112, 15, 4, 4, 2, b'0', b'0', 1.6, 0.5, 50, 0, 2, 850, 0),
(109, 'פסטרמה צלויה על לבנים', 'זוגלובק', 97, 16, 6, 1, 2, b'0', b'0', 0.3, 0.5, 45, 0, 3, 900, 0),
(110, 'פסטרמה קורנדביף ניו יורק', 'זוגלובק', 103, 15, 4, 3, 2, b'0', b'0', 1.2, 0.5, 40, 0, 2, 850, 0),
(111, 'פסטרמה רוסטביף', 'זוגלובק', 128, 20, 3, 4, 2, b'0', b'0', 1.6, 0.5, 50, 0, 0, 750, 0),
(112, 'פסטרמה תבור', 'זוגלובק', 101, 16, 7, 1, 2, b'0', b'0', 0.3, 0.5, 45, 0, 3, 850, 0),
(113, 'קבנוס בצל', 'זוגלובק', 357, 19, 7, 28, 2, b'0', b'0', 11.2, 0.5, 90, 0.5, 2, 1120, 0),
(114, 'קבנוס חטיפי קבנוס', 'זוגלובק', 349, 19, 5, 28, 2, b'0', b'0', 8, 0.5, 90, 0.5, 1.3, 1360, 0),
(115, 'קבנוס שום', 'זוגלובק', 357, 19, 7, 28, 2, b'0', b'0', 11.2, 0.5, 90, 0.7, 1.5, 1120, 0),
(116, 'קבנוס', 'זוגלובק', 349, 19, 5, 28, 2, b'0', b'0', 8, 0.5, 90, 0.5, 1.3, 1360, 0),
(117, 'קוטג׳ 1%', 'תנובה', 62, 11.5, 1.8, 1, 1, b'0', b'1', 0.6, 0.5, 3, 0, 0, 350, 100),
(118, 'קוטג’ 5%', 'תנובה', 95, 11, 1.5, 5, 1, b'0', b'1', 3, 0.5, 15, 0, 0, 350, 100),
(119, 'קוקה קולה', 'קוקה קולה', 42, 0, 10.6, 0, 0, b'0', b'0', 0, 0, 0, 0, 10.6, 5, 0),
(120, 'קורנפלקס', 'תלמה', 381, 7, 86.3, 0.9, 0, b'1', b'0', 0, 0, 0, 3, 7, 481, 0),
(121, 'קורקבנים הודו מבושלים/צלויים', '0', 163, 29, 0, 3.9, 2, b'0', b'0', 0, 0, 232, 0, 0, 0, 0),
(122, 'קורקבנים עוף צלוי/מבושל', '0', 153, 27, 0, 3.7, 2, b'0', b'0', 0, 0, 194, 0, 0, 0, 0),
(123, 'קטשופ', 'אסם', 109, 1.8, 25.5, 0, 0, b'0', b'0', 0, 0, 0, 0, 0, 700, 0),
(124, 'קראנצ באגט בטעם טבעי', 'עלית', 461, 12.6, 68, 15.4, 0, b'1', b'0', 1.9, 0.5, 2.5, 0, 0, 995, 0),
(125, 'שוק הודו בשר בלבד מבושל/צלוי', '0', 185, 28, 0, 7, 2, b'0', b'0', 0, 0, 84, 0, 0, 0, 0),
(126, 'שוק הודו בשר ועור מבושל/צלוי', '0', 206, 28, 0, 10, 2, b'0', b'0', 0, 0, 84, 0, 0, 0, 0),
(127, 'שוק עוף צלוי/מבושל בשר בלבד', '0', 171, 28, 0, 6, 2, b'0', b'0', 0, 0, 92, 0, 0, 0, 0),
(128, 'שוק עוף צלוי/מבושל בשר ועור', '0', 214, 27, 0, 11, 2, b'0', b'0', 0, 0, 90, 0, 0, 0, 0),
(129, 'שוקולד פרה חלב עם שברי אגוזים', 'עלית', 567, 9.3, 47, 38, 1, b'0', b'1', 17.9, 0.5, 0, 24, 45, 99, 0),
(130, 'שוקולד פרה מריר 60%', 'עלית', 565, 6, 51, 38, 0, b'0', b'0', 23, 0.5, 2.5, 0, 39, 0, 0),
(131, 'שוקולד קליק כריות', 'יוניליוור', 516, 7.2, 64, 25.7, 1, b'1', b'1', 14, 0.5, 9.2, 0, 51.4, 126, 0),
(132, 'שמנת 9%', 'תנובה', 113, 3.4, 4.6, 9, 1, b'0', b'1', 5.4, 0.5, 27, 0, 0, 45, 113),
(133, 'שמנת להקצפה', 'תנובה', 362, 2, 3.1, 38, 1, b'0', b'1', 23, 1.3, 114, 0, 0, 28, 0),
(134, 'שפרוטים מעושנים בשמן', 'רויאל פיש', 272, 19.9, 0, 21.4, 1, b'0', b'0', 4, 0.5, 72, 0, 0, 730, 0),
(135, 'שקדי מרק', 'אסם', 524, 9.2, 65.2, 25.2, 0, b'1', b'0', 8.3, 0.5, 2.5, 0, 0.8, 630, 0),
(136, 'שרימס מבושל מקולף', '0', 90, 17, 1, 6, 1, b'0', b'0', 0.3, 0.5, 1.25, 0, 0, 120, 0),
(137, 'תירס מתוק', 'פרי הגליל', 108, 3.2, 20.8, 1.3, 0, b'0', b'0', 0.3, 0.5, 2.5, 4.3, 6.7, 209, 0),
(138, 'תפוח עץ', '0', 52, 0.3, 14, 0.2, 0, b'0', b'0', 0.1, 0, 0, 2.4, 10, 1, 0),
(141, 'דג סאירה בשמן צמחי משומר', 'יוניסרביס', 252, 15.3, 0, 21.2, 1, b'0', b'0', 1.4, 0.5, 260, 0, 0, 690, 0),
(142, 'תפוח אדמה', '0', 77, 2.05, 17.49, 0.09, 0, b'0', b'0', 0, 0, 0, 2.1, 0, 6, 0),
(143, 'דנונה בטעם תות עם קורנפלקס ', 'שטראוס', 105, 3.8, 13.6, 3.7, 1, b'0', b'1', 2.3, 0.5, 5.1, 0, 9.13, 63, 108),
(144, 'פופקורן בטעם חמאה ודבש', 'אסם', 447, 3.5, 80, 12.5, 0, b'0', b'0', 1.3, 0.5, 2.5, 0, 0, 220, 0),
(145, 'פרינגלס טבעי', 'פרינגלס', 542, 4.3, 57, 33, 0, b'1', b'0', 9, 0.5, 2.5, 0, 1.4, 541, 0),
(146, 'כריך שווארמה מזרחית', 'קיבוץ עינת', 245, 9, 32, 8.5, 2, b'1', b'0', 2, 0.5, 7.5, 2, 4.5, 765, 0),
(147, 'שוקולד פסקזמן קלאסי', 'עלית', 543, 7.6, 54, 33, 1, b'1', b'1', 17.4, 0.5, 11.6, 0, 48, 67, 0),
(149, 'בטטה', '0', 86, 1.57, 20.12, 0.5, 0, b'0', b'0', 0.018, 0, 0, 3, 4.18, 55, 0),
(150, 'בננה', '0', 89, 1.09, 22.84, 0.33, 0, b'0', b'0', 0, 0, 0, 2.6, 21.5, 1, 5),
(151, 'תפוז', '0', 47, 0.94, 11.75, 0.12, 0, b'0', b'0', 0, 0, 0, 2.4, 11.3, 0, 40),
(152, 'טונה אדומה סטייק בוואקום', 'SUNFISH', 81, 22.5, 0, 0.1, 1, b'0', b'0', 0, 0, 0, 0, 0, 30, 0),
(153, 'טונה בהירה סטייק בוואקום', 'SUNFISH', 105, 25.7, 0, 0.2, 1, b'0', b'0', 0, 0, 0, 0, 0, 27, 0),
(154, 'טונה סטייק בוואקום', 'SUNFISH', 97, 23.9, 0, 0.1, 1, b'1', b'0', 0, 0, 0, 0, 0, 31, 0),
(155, 'טונה פילה מובחר בוואקום', 'SUNFISH', 97, 23.9, 0, 0.1, 1, b'1', b'0', 0, 0, 0, 0, 0, 31, 0),
(156, 'בקלה מרלוזה פילה ללא עור בואקום', 'SUNFISH', 85, 17.2, 0.3, 1.7, 1, b'0', b'0', 0, 0, 0, 0, 0, 115, 0),
(157, 'בקלה צעיר', 'SUNFISH', 95, 17, 0, 3, 1, b'0', b'0', 0, 0, 0, 0, 0, 142, 0),
(158, 'אמנון פילה בואקום', 'SUNFISH', 144, 16.1, 0.6, 8.6, 1, b'0', b'0', 0, 0, 0, 0, 0, 27, 0),
(159, 'ברבוניה פילה בואקום', 'SUNFISH', 60, 13.7, 0, 0.6, 1, b'0', b'0', 0, 0, 0, 0, 0, 467, 0),
(160, 'הליבוט סטייק בואקום', 'SUNFISH', 198, 12.8, 0.8, 15.9, 1, b'0', b'0', 0, 0, 0, 0, 0, 110, 0),
(161, 'נסיכת הנילוס בואקום', 'SUNFISH', 185, 18, 0, 12.6, 1, b'0', b'0', 0, 0, 0, 0, 0, 61, 0),
(162, 'סול פילה פלייס', 'SUNFISH', 58, 11.3, 0, 1.4, 1, b'0', b'0', 0, 0, 0, 0, 0, 72, 0),
(163, 'סלמון אלתית בואקום', 'SUNFISH', 100, 20.2, 0, 2.1, 1, b'0', b'0', 0, 0, 0, 0, 0, 62, 0),
(164, 'סלמון פילה אטלנטי בואקום', 'SUNFISH', 200, 21.4, 0, 12.7, 1, b'0', b'0', 0, 0, 0, 0, 0, 45, 0),
(165, 'סלמון נורבגי פרוס', 'SUNFISH', 177, 21.3, 0, 10.2, 1, b'0', b'0', 0, 0, 0, 0, 0, 0, 0),
(166, 'סלמון סטייק טרואט בואקום', 'SUNFISH', 278, 15.6, 0, 24, 1, b'0', b'0', 0, 0, 0, 0, 0, 49, 0),
(167, 'זהבון פילה', 'SUNFISH', 48, 10.4, 1.02, 0.2, 1, b'0', b'0', 0, 0, 0, 0, 0, 241, 0),
(168, 'שמנת לבישול 15%', 'תנובה', 163, 2.8, 4.2, 15, 1, b'0', b'1', 9, 0.5, 45, 0, 0, 41, 95),
(169, 'פיתה לבנונית', 'מאפיה לבנונית', 298, 10, 62, 1, 0, b'1', b'0', 0, 0, 0, 0, 0, 230, 28),
(170, 'שוקולד מריר עם פצפוצי דגנים', 'Nestle', 509, 5.8, 54, 27, 1, b'0', b'1', 16, 0.5, 2.5, 7.3, 42, 124, 0),
(171, 'בייגלה', 'אספ', 442, 12, 61.5, 14, 0, b'1', b'0', 4.1, 0.5, 2.5, 6.5, 0, 0, 1000),
(172, 'Cheerios שיבולת שועל', 'Nestle', 375, 12, 73.4, 6.4, 0, b'1', b'0', 1.5, 0.5, 2.5, 9.3, 4.5, 497, 357),
(176, 'Fibre1', 'Nestle', 210, 8, 38.6, 2.6, 0, b'1', b'0', 0.7, 0.5, 2.5, 44.8, 2.3, 295, 353),
(177, 'חטיף שיבולת שועל עם קינמון', 'Nature Valley', 461, 8.7, 63, 18, 0, b'1', b'0', 2.1, 0.5, 2.5, 6.3, 0, 271, 0),
(178, 'עוגיות מזרחיות שומשום', 'עבאדי', 510, 13, 62, 22, 0, b'1', b'0', 3.8, 0.5, 2.5, 4.9, 0, 536, 0),
(179, 'מיץ תפוחים', 'פרי מור', 47, 0, 11, 0, 0, b'0', b'0', 0, 0, 0, 0, 0, 0, 0),
(180, 'דוגמא', '1', 1, 1, 1, 1, 0, b'0', b'0', 0, 0, 0, 0, 0, 0, 0),
(181, 'קבב בקר זהב', 'זוגלובק', 244, 14, 2, 20, 2, b'0', b'0', 8, 1.5, 65, 0, 0.7, 0, 560),
(182, 'עוגיות מחיטה מלאה', 'שופרסל', 467, 7.6, 64.1, 18.6, 0, b'1', b'0', 8.7, 0.5, 10, 6.5, 19.8, 400, 0),
(183, 'PRO שוקו וניל', 'יטבתה', 69, 7.2, 6.7, 1.5, 1, b'0', b'1', 0, 0, 0, 0.3, 6.4, 45, 200),
(184, 'בייגלה שטוחלה', 'מאיר בייגל', 403, 3.2, 7.2, 8, 0, b'1', b'0', 3.3, 0.5, 2.5, 3.4, 0, 750, 0),
(185, 'לחם שיפון כפרי', 'מאפיית אנג׳ל', 213, 10, 38.4, 2.2, 0, b'1', b'0', 0.9, 0.5, 2.5, 8.1, 0, 385, 0),
(186, 'שוקולד חלב ביסקוויט', 'עלית', 534, 7, 59, 30, 1, b'1', b'1', 15.7, 0.5, 13.7, 0, 52, 119, 0),
(187, 'בוטנים קלויים מצופים סבבה', 'עלית', 482, 16.9, 45, 26, 0, b'1', b'0', 5, 0.5, 2.5, 0, 12.5, 520, 0),
(188, 'ביצת תרנגולת', '0', 143, 12.55, 0.72, 9.52, 1, b'0', b'0', 3.7, 0, 372, 0, 0.9, 142, 56),
(189, 'לחם דגנים מלא', 'דוידוביץ', 247, 13.4, 28, 3.6, 1, b'1', b'0', 1.2, 0.5, 2.5, 5.1, 0, 445, 0),
(190, 'שמן צמחי מעורב ומזוכך', 'BORGES', 828, 0, 0, 92, 0, b'0', b'0', 7.3, 1.2, 2.5, 0, 0, 0, 0),
(191, 'משקה תה בטעם אפרסק', 'טמפו', 34, 0, 8.4, 0, 0, b'0', b'0', 0, 0, 0, 0, 0, 6, 0),
(192, 'יוגורט PRO בטעם תות', 'דנונה', 67, 10, 6.1, 0, 1, b'0', b'1', 0, 0, 0, 0, 6.1, 35, 90),
(193, 'טונה בהירה בשמן', 'ויליגר', 173, 25.2, 0, 8, 1, b'0', b'0', 2, 0.5, 50, 0, 0, 390, 0),
(194, 'גבינה חצי קשה גוש חלב', 'תנובה', 345, 23, 0.2, 28, 1, b'0', b'1', 17, 1, 84, 0, 0, 510, 700),
(195, 'חביתה ביצה תרנגולת', '0', 194, 13, 0.7, 14, 1, b'0', b'0', 3.88, 0, 0, 0, 0.7, 430, 50);

-- --------------------------------------------------------

--
-- Table structure for table `meal`
--

CREATE TABLE `meal` (
  `id` int(11) NOT NULL,
  `date` datetime NOT NULL,
  `id_client` int(11) NOT NULL
) ENGINE=InnoDB DEFAULT CHARSET=utf8;

--
-- Dumping data for table `meal`
--

INSERT INTO `meal` (`id`, `date`, `id_client`) VALUES
(24, '2020-01-08 13:35:00', 30),
(25, '2020-01-08 15:46:00', 30),
(26, '2020-01-08 15:48:00', 30);

-- --------------------------------------------------------

--
-- Table structure for table `meal_item`
--

CREATE TABLE `meal_item` (
  `id_meal` int(11) NOT NULL,
  `id_item` int(11) NOT NULL,
  `gram` float NOT NULL DEFAULT '100'
) ENGINE=InnoDB DEFAULT CHARSET=utf8;

--
-- Dumping data for table `meal_item`
--

INSERT INTO `meal_item` (`id_meal`, `id_item`, `gram`) VALUES
(24, 162, 50),
(24, 37, 150),
(25, 165, 100),
(25, 2, 100),
(26, 38, 200),
(26, 4, 150);

--
-- Indexes for dumped tables
--

--
-- Indexes for table `client`
--
ALTER TABLE `client`
  ADD PRIMARY KEY (`id`),
  ADD UNIQUE KEY `email` (`email`);

--
-- Indexes for table `items`
--
ALTER TABLE `items`
  ADD PRIMARY KEY (`id`);

--
-- Indexes for table `meal`
--
ALTER TABLE `meal`
  ADD PRIMARY KEY (`id`),
  ADD KEY `id_client_fk` (`id_client`);

--
-- Indexes for table `meal_item`
--
ALTER TABLE `meal_item`
  ADD KEY `id_meal_fk` (`id_meal`),
  ADD KEY `id_item_fk` (`id_item`);

--
-- AUTO_INCREMENT for dumped tables
--

--
-- AUTO_INCREMENT for table `client`
--
ALTER TABLE `client`
  MODIFY `id` int(11) NOT NULL AUTO_INCREMENT, AUTO_INCREMENT=31;

--
-- AUTO_INCREMENT for table `items`
--
ALTER TABLE `items`
  MODIFY `id` int(11) NOT NULL AUTO_INCREMENT, AUTO_INCREMENT=196;

--
-- AUTO_INCREMENT for table `meal`
--
ALTER TABLE `meal`
  MODIFY `id` int(11) NOT NULL AUTO_INCREMENT, AUTO_INCREMENT=27;

--
-- Constraints for dumped tables
--

--
-- Constraints for table `meal`
--
ALTER TABLE `meal`
  ADD CONSTRAINT `meal_ibfk_1` FOREIGN KEY (`id_client`) REFERENCES `client` (`id`) ON DELETE RESTRICT ON UPDATE RESTRICT;

--
-- Constraints for table `meal_item`
--
ALTER TABLE `meal_item`
  ADD CONSTRAINT `meal_item_ibfk_1` FOREIGN KEY (`id_item`) REFERENCES `items` (`id`) ON DELETE RESTRICT ON UPDATE RESTRICT,
  ADD CONSTRAINT `meal_item_ibfk_2` FOREIGN KEY (`id_meal`) REFERENCES `meal` (`id`) ON DELETE RESTRICT ON UPDATE RESTRICT;
COMMIT;

/*!40101 SET CHARACTER_SET_CLIENT=@OLD_CHARACTER_SET_CLIENT */;
/*!40101 SET CHARACTER_SET_RESULTS=@OLD_CHARACTER_SET_RESULTS */;
/*!40101 SET COLLATION_CONNECTION=@OLD_COLLATION_CONNECTION */;
